step,samples,episodes_seen,epoch,loss,gradient_norm,learning_rate,update_seconds,data_seconds
100,800,2,0.03,0.270,2.551,5.1e-06,0.099,0.357
200,1600,3,0.05,0.133,1.460,1.5e-05,0.093,0.351
300,2400,5,0.08,0.102,1.214,2.5e-05,0.094,0.354
400,3200,6,0.10,0.080,1.045,3.5e-05,0.093,0.359
500,4000,8,0.13,0.067,1.115,4.5e-05,0.094,0.360
600,4800,9,0.16,0.065,1.100,5.5e-05,0.094,0.358
700,5600,11,0.18,0.065,1.110,6.5e-05,0.093,0.356
800,6400,13,0.21,0.067,1.158,7.5e-05,0.093,0.362
900,7200,14,0.24,0.066,1.112,8.5e-05,0.093,0.351
1000,8000,16,0.26,0.073,1.176,9.5e-05,0.094,0.342
1100,8800,17,0.29,0.073,1.129,1.0e-04,0.094,0.364
1200,9600,19,0.31,0.067,1.037,1.0e-04,0.094,0.355
1300,10400,20,0.34,0.063,1.010,1.0e-04,0.094,0.349
1400,11200,22,0.37,0.059,0.925,1.0e-04,0.094,0.357
1500,12000,24,0.39,0.059,0.906,9.9e-05,0.094,0.365
1600,12800,25,0.42,0.062,0.969,9.9e-05,0.093,0.364
1700,13600,27,0.45,0.058,0.856,9.9e-05,0.094,0.359
1800,14400,28,0.47,0.054,0.849,9.9e-05,0.093,0.356
1900,15200,30,0.50,0.057,0.841,9.9e-05,0.093,0.351
2000,16000,31,0.52,0.054,0.792,9.9e-05,0.,0.355
2100,16800,33,0.55,0.049,0.800,9.9e-05,0.094,0.365
2200,17600,35,0.58,0.050,0.807,9.9e-05,0.094,0.364
2300,18400,36,0.60,0.050,0.781,9.9e-05,0.093,0.357
2400,19200,38,0.63,0.049,0.772,9.9e-05,0.094,0.374
2500,20000,39,0.65,0.053,0.794,9.8e-05,0.094,0.347
2600,20800,41,0.68,0.047,0.741,9.8e-05,0.094,0.359
2700,21600,42,0.71,0.049,0.741,9.8e-05,0.094,0.352
2800,22400,44,0.73,0.047,0.742,9.8e-05,0.094,0.357
2900,23200,46,0.76,0.046,0.702,9.8e-05,0.093,0.374
3000,24000,47,0.79,0.047,0.725,9.8e-05,0.094,0.351
3100,24800,49,0.81,0.043,0.731,9.8e-05,0.094,0.363
3200,25600,50,0.84,0.045,0.702,9.7e-05,0.093,0.338
3300,26400,52,0.86,0.043,0.678,9.7e-05,0.094,0.359
3400,27200,53,0.89,0.041,0.667,9.7e-05,0.093,0.358
3500,28000,55,0.92,0.040,0.650,9.7e-05,0.094,0.349
3600,28800,57,0.94,0.042,0.688,9.7e-05,0.094,0.352
3700,29600,58,0.97,0.040,0.651,9.6e-05,0.094,0.347
3800,30400,60,1.00,0.039,0.655,9.6e-05,0.094,0.359
3900,31200,61,1.02,0.037,0.619,9.6e-05,0.094,0.397
4000,32000,63,1.05,0.039,0.625,9.6e-05,0.094,0.381
4100,32800,64,1.07,0.037,0.636,9.6e-05,0.093,0.378
4200,33600,66,1.10,0.037,0.612,9.5e-05,0.093,0.403
4300,34400,68,1.13,0.038,0.651,9.5e-05,0.093,0.389
4400,35200,69,1.15,0.037,0.587,9.5e-05,0.093,0.404
4500,36000,71,1.18,0.034,0.575,9.5e-05,0.094,0.395
4600,36800,72,1.20,0.039,0.652,9.5e-05,0.093,0.409
4700,37600,74,1.23,0.034,0.578,9.4e-05,0.093,0.395
4800,38400,75,1.26,0.035,0.603,9.4e-05,0.093,0.398
4900,39200,77,1.28,0.035,0.595,9.4e-05,0.093,0.390
5000,40000,79,1.31,0.037,0.618,9.4e-05,0.093,0.403
5100,40800,80,1.34,0.034,0.586,9.3e-05,0.093,0.394
5200,41600,82,1.36,0.035,0.580,9.3e-05,0.093,0.371
5300,42400,83,1.39,0.034,0.580,9.3e-05,0.093,0.381
5400,43200,85,1.41,0.035,0.559,9.3e-05,0.093,0.396
5500,44000,86,1.44,0.033,0.588,9.2e-05,0.093,0.411
5600,44800,88,1.47,0.035,0.557,9.2e-05,0.093,0.386
5700,45600,90,1.49,0.033,0.537,9.2e-05,0.093,0.401
5800,46400,91,1.52,0.034,0.566,9.1e-05,0.094,0.391
5900,47200,93,1.55,0.033,0.560,9.1e-05,0.093,0.381
6000,48000,94,1.57,0.033,0.561,9.1e-05,0.093,0.396
6100,48800,96,1.60,0.032,0.574,9.1e-05,0.093,0.383
6200,49600,97,1.62,0.030,0.525,9.0e-05,0.094,0.380
6300,50400,99,1.65,0.032,0.548,9.0e-05,0.094,0.372
6400,51200,101,1.68,0.031,0.545,9.0e-05,0.093,0.393
6500,52000,102,1.70,0.030,0.574,8.9e-05,0.093,0.407
6600,52800,104,1.73,0.033,0.543,8.9e-05,0.094,0.375
6700,53600,105,1.75,0.030,0.525,8.9e-05,0.093,0.395
6800,54400,107,1.78,0.030,0.536,8.8e-05,0.093,0.392
6900,55200,108,1.81,0.032,0.548,8.8e-05,0.093,0.403
7000,56000,110,1.83,0.030,0.535,8.8e-05,0.093,0.403
7100,56800,112,1.86,0.029,0.496,8.7e-05,0.093,0.393
7200,57600,113,1.89,0.031,0.506,8.7e-05,0.093,0.382
7300,58400,115,1.91,0.032,0.516,8.7e-05,0.093,0.384
7400,59200,116,1.94,0.031,0.523,8.6e-05,0.095,0.397
7500,60000,118,1.96,0.028,0.505,8.6e-05,0.093,0.395
7600,60800,119,1.99,0.029,0.504,8.6e-05,0.093,0.385
7700,61600,121,2.02,0.027,0.477,8.5e-05,0.093,0.381
7800,62400,123,2.04,0.031,0.522,8.5e-05,0.094,0.383
7900,63200,124,2.07,0.028,0.475,8.4e-05,0.093,0.396
8000,64000,126,2.10,0.025,0.484,8.4e-05,0.094,0.400
8100,64800,127,2.12,0.027,0.469,8.4e-05,0.094,0.397
8200,65600,129,2.15,0.028,0.492,8.3e-05,0.093,0.404
8300,66400,130,2.17,0.026,0.481,8.3e-05,0.093,0.402
8400,67200,132,2.20,0.025,0.465,8.3e-05,0.093,0.385
8500,68000,134,2.23,0.026,0.484,8.2e-05,0.093,0.410
8600,68800,135,2.25,0.026,0.467,8.2e-05,0.093,0.396
8700,69600,137,2.28,0.026,0.458,8.1e-05,0.093,0.405
8800,70400,138,2.30,0.025,0.467,8.1e-05,0.093,0.387
8900,71200,140,2.33,0.023,0.424,8.1e-05,0.093,0.394
9000,72000,141,2.36,0.027,0.480,8.0e-05,0.094,0.389
9100,72800,143,2.38,0.025,0.465,8.0e-05,0.093,0.407
9200,73600,145,2.41,0.023,0.439,7.9e-05,0.093,0.394
9300,74400,146,2.44,0.024,0.442,7.9e-05,0.093,0.392
9400,75200,148,2.46,0.024,0.447,7.8e-05,0.093,0.398
9500,76000,149,2.49,0.025,0.470,7.8e-05,0.093,0.402
9600,76800,151,2.51,0.026,0.457,7.8e-05,0.094,0.381
9700,77600,152,2.54,0.027,0.478,7.7e-05,0.094,0.399
9800,78400,154,2.57,0.025,0.477,7.7e-05,0.093,0.401
9900,79200,156,2.59,0.024,0.448,7.6e-05,0.093,0.385
10000,80000,157,2.62,0.025,0.449,7.6e-05,0.094,0.399
10100,80800,159,2.65,0.022,0.421,7.5e-05,0.093,0.390
10200,81600,160,2.67,0.024,0.463,7.5e-05,0.093,0.419
10300,82400,162,2.70,0.024,0.427,7.5e-05,0.094,0.379
10400,83200,163,2.72,0.022,0.459,7.4e-05,0.093,0.399
10500,84000,165,2.75,0.024,0.437,7.4e-05,0.093,0.398
10600,84800,167,2.78,0.025,0.435,7.3e-05,0.093,0.393
10700,85600,168,2.80,0.022,0.420,7.3e-05,0.094,0.387
10800,86400,170,2.83,0.021,0.404,7.2e-05,0.093,0.395
10900,87200,171,2.85,0.024,0.456,7.2e-05,0.093,0.389
11000,88000,173,2.88,0.023,0.423,7.1e-05,0.094,0.387
11100,88800,174,2.91,0.025,0.447,7.1e-05,0.093,0.408
11200,89600,176,2.93,0.022,0.425,7.0e-05,0.093,0.396
11300,90400,178,2.96,0.021,0.392,7.0e-05,0.093,0.385
11400,91200,179,2.99,0.023,0.416,6.9e-05,0.093,0.417
11500,92000,181,3.01,0.023,0.421,6.9e-05,0.093,0.381
11600,92800,182,3.04,0.020,0.394,6.8e-05,0.093,0.388
11700,93600,184,3.06,0.020,0.404,6.8e-05,0.093,0.404
11800,94400,185,3.09,0.021,0.394,6.8e-05,0.093,0.388
11900,95200,187,3.12,0.022,0.413,6.7e-05,0.093,0.398
12000,96000,189,3.14,0.022,0.411,6.7e-05,0.093,0.383
12100,96800,190,3.17,0.021,0.410,6.6e-05,0.093,0.394
12200,97600,192,3.20,0.020,0.396,6.6e-05,0.093,0.400
12300,98400,193,3.22,0.019,0.373,6.5e-05,0.093,0.385
12400,99200,195,3.25,0.021,0.398,6.5e-05,0.093,0.387
12500,100000,196,3.27,0.020,0.386,6.4e-05,0.093,0.375
12600,100800,198,3.30,0.021,0.383,6.4e-05,0.094,0.387
12700,101600,200,3.33,0.021,0.403,6.3e-05,0.093,0.399
12800,102400,201,3.35,0.020,0.394,6.3e-05,0.093,0.393
12900,103200,203,3.38,0.019,0.373,6.2e-05,0.093,0.389
13000,104000,204,3.40,0.019,0.371,6.2e-05,0.093,0.407
13100,104800,206,3.43,0.018,0.369,6.1e-05,0.093,0.402
13200,105600,207,3.46,0.020,0.365,6.1e-05,0.092,0.392
13300,106400,209,3.48,0.018,0.359,6.0e-05,0.092,0.405
13400,107200,211,3.51,0.020,0.380,6.0e-05,0.093,0.382
13500,108000,212,3.54,0.018,0.352,5.9e-05,0.093,0.405
13600,108800,214,3.56,0.019,0.375,5.9e-05,0.094,0.399
13700,109600,215,3.59,0.020,0.373,5.8e-05,0.094,0.402
13800,110400,217,3.61,0.017,0.359,5.8e-05,0.093,0.409
13900,111200,218,3.64,0.020,0.370,5.7e-05,0.093,0.390
14000,112000,220,3.67,0.017,0.358,5.7e-05,0.093,0.392
14100,112800,222,3.69,0.018,0.363,5.6e-05,0.094,0.390
14200,113600,223,3.72,0.017,0.357,5.6e-05,0.093,0.402
14300,114400,225,3.75,0.018,0.364,5.5e-05,0.093,0.390
14400,115200,226,3.77,0.017,0.339,5.5e-05,0.094,0.386
14500,116000,228,3.80,0.016,0.358,5.4e-05,0.093,0.398
14600,116800,229,3.82,0.018,0.348,5.4e-05,0.093,0.413
14700,117600,231,3.85,0.018,0.355,5.3e-05,0.093,0.405
14800,118400,233,3.88,0.017,0.337,5.3e-05,0.093,0.393
14900,119200,234,3.90,0.018,0.358,5.2e-05,0.093,0.400
15000,120000,236,3.93,0.017,0.348,5.2e-05,0.093,0.392
15100,120800,237,3.95,0.018,0.347,5.1e-05,0.092,0.385
15200,121600,239,3.98,0.017,0.350,5.0e-05,0.093,0.391
15300,122400,240,4.01,0.016,0.351,5.0e-05,0.093,0.409
15400,123200,242,4.03,0.016,0.314,4.9e-05,0.093,0.385
15500,124000,244,4.06,0.017,0.353,4.9e-05,0.093,0.385
15600,124800,245,4.09,0.017,0.322,4.8e-05,0.094,0.391
15700,125600,247,4.11,0.017,0.330,4.8e-05,0.093,0.411
15800,126400,248,4.14,0.016,0.352,4.7e-05,0.093,0.380
15900,127200,250,4.16,0.016,0.326,4.7e-05,0.093,0.393
16000,128000,251,4.19,0.015,0.321,4.6e-05,0.093,0.396
16100,128800,253,4.22,0.016,0.333,4.6e-05,0.093,0.389
16200,129600,255,4.24,0.015,0.311,4.5e-05,0.093,0.405
16300,130400,256,4.27,0.016,0.327,4.5e-05,0.092,0.401
16400,131200,258,4.30,0.015,0.315,4.4e-05,0.093,0.392
16500,132000,259,4.32,0.016,0.325,4.4e-05,0.093,0.394
16600,132800,261,4.35,0.017,0.322,4.3e-05,0.093,0.391
16700,133600,262,4.37,0.016,0.318,4.3e-05,0.093,0.408
16800,134400,264,4.40,0.016,0.313,4.2e-05,0.093,0.390
16900,135200,266,4.43,0.016,0.310,4.2e-05,0.093,0.382
17000,136000,267,4.45,0.016,0.327,4.1e-05,0.093,0.387
17100,136800,269,4.48,0.016,0.326,4.1e-05,0.093,0.412
17200,137600,270,4.50,0.015,0.313,4.0e-05,0.093,0.402
17300,138400,272,4.53,0.014,0.286,4.0e-05,0.093,0.396
17400,139200,273,4.56,0.016,0.326,3.9e-05,0.093,0.390
17500,140000,275,4.58,0.016,0.322,3.9e-05,0.093,0.412
17600,140800,277,4.61,0.015,0.302,3.8e-05,0.092,0.389
17700,141600,278,4.64,0.014,0.288,3.8e-05,0.092,0.391
17800,142400,280,4.66,0.014,0.304,3.7e-05,0.093,0.411
17900,143200,281,4.69,0.015,0.297,3.7e-05,0.093,0.399
18000,144000,283,4.71,0.015,0.297,3.6e-05,0.093,0.390
18100,144800,284,4.74,0.014,0.297,3.6e-05,0.093,0.376
18200,145600,286,4.77,0.014,0.294,3.5e-05,0.093,0.393
18300,146400,288,4.79,0.016,0.318,3.5e-05,0.093,0.396
18400,147200,289,4.82,0.014,0.296,3.4e-05,0.093,0.393
18500,148000,291,4.85,0.014,0.294,3.4e-05,0.093,0.389
18600,148800,292,4.87,0.014,0.288,3.4e-05,0.093,0.397
18700,149600,294,4.90,0.013,0.313,3.3e-05,0.093,0.396
18800,150400,295,4.92,0.014,0.295,3.3e-05,0.093,0.382
18900,151200,297,4.95,0.013,0.274,3.2e-05,0.093,0.408
19000,152000,299,4.98,0.014,0.283,3.2e-05,0.093,0.386
19100,152800,300,5.00,0.013,0.275,3.1e-05,0.093,0.394
19200,153600,302,5.03,0.014,0.282,3.1e-05,0.093,0.393
19300,154400,303,5.05,0.014,0.288,3.0e-05,0.093,0.390
19400,155200,305,5.08,0.014,0.293,3.0e-05,0.093,0.429
19500,156000,306,5.11,0.014,0.276,2.9e-05,0.094,0.396
19600,156800,308,5.13,0.014,0.282,2.9e-05,0.094,0.386
19700,157600,310,5.16,0.015,0.292,2.8e-05,0.093,0.408
19800,158400,311,5.19,0.013,0.268,2.8e-05,0.093,0.383
19900,159200,313,5.21,0.013,0.269,2.8e-05,0.093,0.399
20000,160000,314,5.24,0.014,0.277,2.7e-05,0.093,0.397
20100,160800,316,5.26,0.014,0.281,2.7e-05,0.094,0.377
20200,161600,317,5.29,0.013,0.268,2.6e-05,0.094,0.393
20300,162400,319,5.32,0.013,0.267,2.6e-05,0.094,0.390
20400,163200,321,5.34,0.013,0.260,2.5e-05,0.095,0.387
20500,164000,322,5.37,0.014,0.296,2.5e-05,0.093,0.397
20600,164800,324,5.40,0.013,0.271,2.4e-05,0.093,0.409
20700,165600,325,5.42,0.013,0.262,2.4e-05,0.093,0.383
20800,166400,327,5.45,0.013,0.270,2.4e-05,0.094,0.407
20900,167200,328,5.47,0.014,0.275,2.3e-05,0.094,0.405
21000,168000,330,5.50,0.013,0.265,2.3e-05,0.094,0.406
21100,168800,332,5.53,0.013,0.264,2.2e-05,0.093,0.395
21200,169600,333,5.55,0.012,0.256,2.2e-05,0.093,0.396
21300,170400,335,5.58,0.014,0.267,2.2e-05,0.094,0.391
21400,171200,336,5.60,0.014,0.277,2.1e-05,0.093,0.391
21500,172000,338,5.63,0.013,0.264,2.1e-05,0.093,0.392
21600,172800,339,5.66,0.012,0.264,2.0e-05,0.093,0.394
21700,173600,341,5.68,0.013,0.258,2.0e-05,0.093,0.383
21800,174400,343,5.71,0.012,0.256,2.0e-05,0.093,0.396
21900,175200,344,5.74,0.012,0.239,1.9e-05,0.093,0.390
22000,176000,346,5.76,0.013,0.257,1.9e-05,0.093,0.399
22100,176800,347,5.79,0.012,0.257,1.8e-05,0.093,0.384
22200,177600,349,5.81,0.013,0.262,1.8e-05,0.093,0.399
22300,178400,350,5.84,0.012,0.246,1.8e-05,0.093,0.380
22400,179200,352,5.87,0.013,0.249,1.7e-05,0.093,0.393
22500,180000,354,5.89,0.012,0.244,1.7e-05,0.093,0.400
22600,180800,355,5.92,0.013,0.253,1.7e-05,0.094,0.413
22700,181600,357,5.95,0.013,0.264,1.6e-05,0.093,0.389
22800,182400,358,5.97,0.011,0.240,1.6e-05,0.093,0.389
22900,183200,360,6.00,0.013,0.260,1.6e-05,0.093,0.398
23000,184000,361,6.02,0.011,0.237,1.5e-05,0.093,0.380
23100,184800,363,6.05,0.013,0.256,1.5e-05,0.093,0.382
23200,185600,365,6.08,0.012,0.241,1.5e-05,0.092,0.381
23300,186400,366,6.10,0.013,0.255,1.4e-05,0.093,0.391
23400,187200,368,6.13,0.012,0.240,1.4e-05,0.092,0.399
23500,188000,369,6.15,0.013,0.246,1.4e-05,0.092,0.383
23600,188800,371,6.18,0.012,0.227,1.3e-05,0.093,0.379
23700,189600,372,6.21,0.013,0.249,1.3e-05,0.093,0.397
23800,190400,374,6.23,0.012,0.238,1.3e-05,0.093,0.396
23900,191200,376,6.26,0.011,0.228,1.2e-05,0.093,0.388
24000,192000,377,6.29,0.013,0.250,1.2e-05,0.092,0.408
24100,192800,379,6.31,0.011,0.236,1.2e-05,0.092,0.396
24200,193600,380,6.34,0.011,0.233,1.1e-05,0.092,0.392
24300,194400,382,6.36,0.012,0.236,1.1e-05,0.092,0.382
24400,195200,383,6.39,0.012,0.245,1.1e-05,0.092,0.382
24500,196000,385,6.42,0.012,0.233,1.1e-05,0.092,0.398
24600,196800,387,6.44,0.012,0.247,1.0e-05,0.093,0.386
24700,197600,388,6.47,0.012,0.241,1.0e-05,0.092,0.396
24800,198400,390,6.50,0.011,0.225,9.7e-06,0.092,0.414
24900,199200,391,6.52,0.011,0.227,9.4e-06,0.093,0.397
25000,200000,393,6.55,0.011,0.233,9.2e-06,0.093,0.381
25100,200800,394,6.57,0.012,0.236,8.9e-06,0.092,0.396
25200,201600,396,6.60,0.012,0.239,8.7e-06,0.093,0.392
25300,202400,398,6.63,0.013,0.238,8.4e-06,0.093,0.384
25400,203200,399,6.65,0.011,0.229,8.2e-06,0.092,0.385
25500,204000,401,6.68,0.012,0.223,7.9e-06,0.092,0.400
25600,204800,402,6.70,0.012,0.229,7.7e-06,0.092,0.382
25700,205600,404,6.73,0.012,0.223,7.5e-06,0.092,0.388
25800,206400,405,6.76,0.010,0.218,7.2e-06,0.092,0.403
25900,207200,407,6.78,0.012,0.230,7.0e-06,0.092,0.393
26000,208000,409,6.81,0.011,0.220,6.8e-06,0.093,0.386
26100,208800,410,6.84,0.013,0.245,6.6e-06,0.092,0.388
26200,209600,412,6.86,0.012,0.226,6.4e-06,0.092,0.413
26300,210400,413,6.89,0.011,0.231,6.2e-06,0.092,0.389
26400,211200,415,6.91,0.013,0.235,6.0e-06,0.092,0.363
26500,212000,416,6.94,0.012,0.229,5.8e-06,0.092,0.396
26600,212800,418,6.97,0.013,0.237,5.6e-06,0.093,0.378
26700,213600,420,6.99,0.012,0.227,5.5e-06,0.093,0.396
26800,214400,421,7.02,0.011,0.214,5.3e-06,0.092,0.404
26900,215200,423,7.05,0.011,0.219,5.1e-06,0.093,0.376
27000,216000,424,7.07,0.011,0.221,5.0e-06,0.093,0.416
27100,216800,426,7.10,0.012,0.223,4.8e-06,0.093,0.395
27200,217600,427,7.12,0.011,0.216,4.7e-06,0.093,0.387
27300,218400,429,7.15,0.012,0.222,4.5e-06,0.093,0.387
27400,219200,431,7.18,0.011,0.213,4.4e-06,0.093,0.384
27500,220000,432,7.20,0.012,0.223,4.2e-06,0.093,0.404
27600,220800,434,7.23,0.012,0.224,4.1e-06,0.093,0.394
27700,221600,435,7.25,0.012,0.223,4.0e-06,0.093,0.402
27800,222400,437,7.28,0.012,0.228,3.8e-06,0.094,0.398
27900,223200,438,7.31,0.011,0.221,3.7e-06,0.093,0.387
28000,224000,440,7.33,0.012,0.220,3.6e-06,0.093,0.390
28100,224800,442,7.36,0.013,0.238,3.5e-06,0.093,0.390
28200,225600,443,7.39,0.012,0.225,3.4e-06,0.093,0.391
28300,226400,445,7.41,0.011,0.207,3.3e-06,0.093,0.415
28400,227200,446,7.44,0.011,0.217,3.2e-06,0.093,0.409
28500,228000,448,7.46,0.011,0.210,3.1e-06,0.093,0.387
28600,228800,449,7.49,0.012,0.226,3.1e-06,0.093,0.379
28700,229600,451,7.52,0.011,0.211,3.0e-06,0.093,0.398
28800,230400,453,7.54,0.012,0.219,2.9e-06,0.093,0.406
28900,231200,454,7.57,0.011,0.208,2.9e-06,0.093,0.398
29000,232000,456,7.60,0.012,0.226,2.8e-06,0.093,0.396
29100,232800,457,7.62,0.010,0.205,2.7e-06,0.093,0.376
29200,233600,459,7.65,0.011,0.217,2.7e-06,0.093,0.401
29300,234400,460,7.67,0.011,0.215,2.7e-06,0.093,0.408
29400,235200,462,7.70,0.012,0.221,2.6e-06,0.093,0.394
29500,236000,464,7.73,0.012,0.218,2.6e-06,0.093,0.389
29600,236800,465,7.75,0.012,0.218,2.6e-06,0.093,0.378
29700,237600,467,7.78,0.011,0.222,2.5e-06,0.093,0.391
29800,238400,468,7.80,0.011,0.225,2.5e-06,0.093,0.383
29900,239200,470,7.83,0.011,0.217,2.5e-06,0.093,0.409
30000,240000,471,7.86,0.011,0.216,2.5e-06,0.093,0.416
