asset_path,shape,source_center_x,source_center_y,source_width,source_height,source_x,source_y,manifest
C:\jmbaek\ugrp\candidate_assets\records_105\circle\01_erase_the_circle_0726-162803.png,circle,454.0,512.0,120,112,376,438,C:\jmbaek\ugrp\candidate_assets\records_105\circle\circle_crop_1_105_manifest.csv
C:\jmbaek\ugrp\candidate_assets\records_105\circle\02_erase_the_circle_0726-163254.png,circle,444.0,485.0,118,108,367,413,C:\jmbaek\ugrp\candidate_assets\records_105\circle\circle_crop_1_105_manifest.csv
C:\jmbaek\ugrp\candidate_assets\records_105\circle\03_erase_the_circle_0726-163611.png,circle,442.0,476.5,134,129,357,394,C:\jmbaek\ugrp\candidate_assets\records_105\circle\circle_crop_1_105_manifest.csv
C:\jmbaek\ugrp\candidate_assets\records_105\circle\04_erase_the_circle_0726-163930.png,circle,446.0,499.5,148,135,354,414,C:\jmbaek\ugrp\candidate_assets\records_105\circle\circle_crop_1_105_manifest.csv
C:\jmbaek\ugrp\candidate_assets\records_105\circle\05_erase_the_circle_0726-164049.png,circle,604.0,505.5,136,125,518,425,C:\jmbaek\ugrp\candidate_assets\records_105\circle\circle_crop_1_105_manifest.csv
C:\jmbaek\ugrp\candidate_assets\records_105\circle\06_erase_the_circle_0726-164200.png,circle,608.0,479.0,140,128,520,397,C:\jmbaek\ugrp\candidate_assets\records_105\circle\circle_crop_1_105_manifest.csv
C:\jmbaek\ugrp\candidate_assets\records_105\circle\07_erase_the_circle_0726-164325.png,circle,599.0,478.5,126,119,518,401,C:\jmbaek\ugrp\candidate_assets\records_105\circle\circle_crop_1_105_manifest.csv
C:\jmbaek\ugrp\candidate_assets\records_105\circle\08_erase_the_circle_0726-164510.png,circle,618.5,484.0,125,116,538,408,C:\jmbaek\ugrp\candidate_assets\records_105\circle\circle_crop_1_105_manifest.csv
C:\jmbaek\ugrp\candidate_assets\records_105\circle\09_erase_the_circle_0726-165719.png,circle,599.5,75.5,147,145,508,0,C:\jmbaek\ugrp\candidate_assets\records_105\circle\circle_crop_1_105_manifest.csv
C:\jmbaek\ugrp\candidate_assets\records_105\circle\100_erase_the_circle_0813-121625.png,circle,589.0,452.5,154,139,494,365,C:\jmbaek\ugrp\candidate_assets\records_105\circle\circle_crop_1_105_manifest.csv
C:\jmbaek\ugrp\candidate_assets\records_105\circle\101_erase_the_circle_0813-121727.png,circle,613.0,140.5,160,147,515,49,C:\jmbaek\ugrp\candidate_assets\records_105\circle\circle_crop_1_105_manifest.csv
C:\jmbaek\ugrp\candidate_assets\records_105\circle\102_erase_the_circle_0813-121829.png,circle,444.0,125.0,154,148,349,33,C:\jmbaek\ugrp\candidate_assets\records_105\circle\circle_crop_1_105_manifest.csv
C:\jmbaek\ugrp\candidate_assets\records_105\circle\103_erase_the_circle_0813-212950.png,circle,328.5,481.5,107,117,257,405,C:\jmbaek\ugrp\candidate_assets\records_105\circle\circle_crop_1_105_manifest.csv
C:\jmbaek\ugrp\candidate_assets\records_105\circle\104_erase_the_circle_0813-213111.png,circle,316.5,121.0,127,138,235,34,C:\jmbaek\ugrp\candidate_assets\records_105\circle\circle_crop_1_105_manifest.csv
C:\jmbaek\ugrp\candidate_assets\records_105\circle\105_erase_the_circle_0813-213220.png,circle,437.5,133.0,125,120,357,55,C:\jmbaek\ugrp\candidate_assets\records_105\circle\circle_crop_1_105_manifest.csv
C:\jmbaek\ugrp\candidate_assets\records_105\circle\10_erase_the_circle_0726-165848.png,circle,582.5,137.5,107,105,511,67,C:\jmbaek\ugrp\candidate_assets\records_105\circle\circle_crop_1_105_manifest.csv
C:\jmbaek\ugrp\candidate_assets\records_105\circle\11_erase_the_circle_0726-170001.png,circle,580.5,142.5,109,105,508,72,C:\jmbaek\ugrp\candidate_assets\records_105\circle\circle_crop_1_105_manifest.csv
C:\jmbaek\ugrp\candidate_assets\records_105\circle\12_erase_the_circle_0726-170124.png,circle,585.0,136.5,110,99,512,69,C:\jmbaek\ugrp\candidate_assets\records_105\circle\circle_crop_1_105_manifest.csv
C:\jmbaek\ugrp\candidate_assets\records_105\circle\13_erase_the_circle_0727-110917.png,circle,419.0,69.5,156,139,323,0,C:\jmbaek\ugrp\candidate_assets\records_105\circle\circle_crop_1_105_manifest.csv
C:\jmbaek\ugrp\candidate_assets\records_105\circle\14_erase_the_circle_0727-111036.png,circle,417.5,83.5,133,131,333,0,C:\jmbaek\ugrp\candidate_assets\records_105\circle\circle_crop_1_105_manifest.csv
C:\jmbaek\ugrp\candidate_assets\records_105\circle\15_erase_the_circle_0727-111212.png,circle,414.5,77.0,137,128,328,0,C:\jmbaek\ugrp\candidate_assets\records_105\circle\circle_crop_1_105_manifest.csv
C:\jmbaek\ugrp\candidate_assets\records_105\circle\16_erase_the_circle_0727-111340.png,circle,419.0,78.5,130,131,336,0,C:\jmbaek\ugrp\candidate_assets\records_105\circle\circle_crop_1_105_manifest.csv
C:\jmbaek\ugrp\candidate_assets\records_105\circle\17_erase_the_circle_0727-111813.png,circle,386.5,520.5,107,105,315,450,C:\jmbaek\ugrp\candidate_assets\records_105\circle\circle_crop_1_105_manifest.csv
C:\jmbaek\ugrp\candidate_assets\records_105\circle\18_erase_the_circle_0727-111943.png,circle,560.0,488.0,124,120,480,410,C:\jmbaek\ugrp\candidate_assets\records_105\circle\circle_crop_1_105_manifest.csv
C:\jmbaek\ugrp\candidate_assets\records_105\circle\19_erase_the_circle_0727-112133.png,circle,577.5,87.0,117,106,501,16,C:\jmbaek\ugrp\candidate_assets\records_105\circle\circle_crop_1_105_manifest.csv
C:\jmbaek\ugrp\candidate_assets\records_105\circle\20_erase_the_circle_0727-112529.png,circle,363.0,106.5,128,113,281,32,C:\jmbaek\ugrp\candidate_assets\records_105\circle\circle_crop_1_105_manifest.csv
C:\jmbaek\ugrp\candidate_assets\records_105\circle\21_erase_the_circle_0802-130542.png,circle,436.5,461.5,127,117,355,385,C:\jmbaek\ugrp\candidate_assets\records_105\circle\circle_crop_1_105_manifest.csv
C:\jmbaek\ugrp\candidate_assets\records_105\circle\22_erase_the_circle_0802-130825.png,circle,430.5,148.5,131,151,347,55,C:\jmbaek\ugrp\candidate_assets\records_105\circle\circle_crop_1_105_manifest.csv
C:\jmbaek\ugrp\candidate_assets\records_105\circle\23_erase_the_circle_0802-130939.png,circle,538.5,444.0,101,102,470,375,C:\jmbaek\ugrp\candidate_assets\records_105\circle\circle_crop_1_105_manifest.csv
C:\jmbaek\ugrp\candidate_assets\records_105\circle\24_erase_the_circle_0802-131058.png,circle,513.5,162.0,111,114,440,87,C:\jmbaek\ugrp\candidate_assets\records_105\circle\circle_crop_1_105_manifest.csv
C:\jmbaek\ugrp\candidate_assets\records_105\circle\25_erase_the_circle_0802-131216.png,circle,310.5,444.5,109,107,238,373,C:\jmbaek\ugrp\candidate_assets\records_105\circle\circle_crop_1_105_manifest.csv
C:\jmbaek\ugrp\candidate_assets\records_105\circle\26_erase_the_circle_0802-131420.png,circle,330.5,177.5,115,113,255,103,C:\jmbaek\ugrp\candidate_assets\records_105\circle\circle_crop_1_105_manifest.csv
C:\jmbaek\ugrp\candidate_assets\records_105\circle\27_erase_the_circle_0802-132022.png,circle,450.0,509.5,158,157,353,413,C:\jmbaek\ugrp\candidate_assets\records_105\circle\circle_crop_1_105_manifest.csv
C:\jmbaek\ugrp\candidate_assets\records_105\circle\28_erase_the_circle_0802-132211.png,circle,439.5,135.5,127,133,358,51,C:\jmbaek\ugrp\candidate_assets\records_105\circle\circle_crop_1_105_manifest.csv
C:\jmbaek\ugrp\candidate_assets\records_105\circle\29_erase_the_circle_0802-132330.png,circle,528.0,501.0,126,132,447,417,C:\jmbaek\ugrp\candidate_assets\records_105\circle\circle_crop_1_105_manifest.csv
C:\jmbaek\ugrp\candidate_assets\records_105\circle\30_erase_the_circle_0802-132443.png,circle,523.0,148.5,144,141,433,60,C:\jmbaek\ugrp\candidate_assets\records_105\circle\circle_crop_1_105_manifest.csv
C:\jmbaek\ugrp\candidate_assets\records_105\circle\31_erase_the_circle_0802-132838.png,circle,326.5,78.5,131,121,243,0,C:\jmbaek\ugrp\candidate_assets\records_105\circle\circle_crop_1_105_manifest.csv
C:\jmbaek\ugrp\candidate_assets\records_105\circle\32_erase_the_circle_0802-132954.png,circle,458.0,556.0,140,122,370,477,C:\jmbaek\ugrp\candidate_assets\records_105\circle\circle_crop_1_105_manifest.csv
C:\jmbaek\ugrp\candidate_assets\records_105\circle\33_erase_the_circle_0802-133231.png,circle,420.5,79.0,153,144,326,0,C:\jmbaek\ugrp\candidate_assets\records_105\circle\circle_crop_1_105_manifest.csv
C:\jmbaek\ugrp\candidate_assets\records_105\circle\34_erase_the_circle_0802-133354.png,circle,535.0,493.0,120,120,457,415,C:\jmbaek\ugrp\candidate_assets\records_105\circle\circle_crop_1_105_manifest.csv
C:\jmbaek\ugrp\candidate_assets\records_105\circle\35_erase_the_circle_0802-133505.png,circle,509.5,95.5,125,129,429,13,C:\jmbaek\ugrp\candidate_assets\records_105\circle\circle_crop_1_105_manifest.csv
C:\jmbaek\ugrp\candidate_assets\records_105\circle\36_erase_the_circle_0802-133624.png,circle,323.5,503.5,127,123,242,424,C:\jmbaek\ugrp\candidate_assets\records_105\circle\circle_crop_1_105_manifest.csv
C:\jmbaek\ugrp\candidate_assets\records_105\circle\37_erase_the_circle_0802-134056.png,circle,458.5,503.5,129,127,376,422,C:\jmbaek\ugrp\candidate_assets\records_105\circle\circle_crop_1_105_manifest.csv
C:\jmbaek\ugrp\candidate_assets\records_105\circle\38_erase_the_circle_0802-134312.png,circle,562.5,500.0,129,128,480,418,C:\jmbaek\ugrp\candidate_assets\records_105\circle\circle_crop_1_105_manifest.csv
C:\jmbaek\ugrp\candidate_assets\records_105\circle\39_erase_the_circle_0802-134917.png,circle,528.0,111.0,130,130,445,28,C:\jmbaek\ugrp\candidate_assets\records_105\circle\circle_crop_1_105_manifest.csv
C:\jmbaek\ugrp\candidate_assets\records_105\circle\40_erase_the_circle_0802-135033.png,circle,322.5,486.0,97,96,256,420,C:\jmbaek\ugrp\candidate_assets\records_105\circle\circle_crop_1_105_manifest.csv
C:\jmbaek\ugrp\candidate_assets\records_105\circle\41_erase_the_circle_0802-135317.png,circle,424.5,477.5,131,129,341,395,C:\jmbaek\ugrp\candidate_assets\records_105\circle\circle_crop_1_105_manifest.csv
C:\jmbaek\ugrp\candidate_assets\records_105\circle\42_erase_the_circle_0802-135438.png,circle,441.5,131.0,133,138,357,44,C:\jmbaek\ugrp\candidate_assets\records_105\circle\circle_crop_1_105_manifest.csv
C:\jmbaek\ugrp\candidate_assets\records_105\circle\43_erase_the_circle_0802-135558.png,circle,527.0,497.0,134,136,442,411,C:\jmbaek\ugrp\candidate_assets\records_105\circle\circle_crop_1_105_manifest.csv
C:\jmbaek\ugrp\candidate_assets\records_105\circle\44_erase_the_circle_0802-135800.png,circle,533.0,132.0,130,124,450,52,C:\jmbaek\ugrp\candidate_assets\records_105\circle\circle_crop_1_105_manifest.csv
C:\jmbaek\ugrp\candidate_assets\records_105\circle\45_erase_the_circle_0802-135912.png,circle,438.5,475.5,133,133,354,391,C:\jmbaek\ugrp\candidate_assets\records_105\circle\circle_crop_1_105_manifest.csv
C:\jmbaek\ugrp\candidate_assets\records_105\circle\46_erase_the_circle_0802-140037.png,circle,431.0,127.0,148,140,339,39,C:\jmbaek\ugrp\candidate_assets\records_105\circle\circle_crop_1_105_manifest.csv
C:\jmbaek\ugrp\candidate_assets\records_105\circle\47_erase_the_circle_0802-145406.png,circle,474.0,441.0,112,112,400,367,C:\jmbaek\ugrp\candidate_assets\records_105\circle\circle_crop_1_105_manifest.csv
C:\jmbaek\ugrp\candidate_assets\records_105\circle\48_erase_the_circle_0805-183247.png,circle,461.0,522.5,132,137,377,436,C:\jmbaek\ugrp\candidate_assets\records_105\circle\circle_crop_1_105_manifest.csv
C:\jmbaek\ugrp\candidate_assets\records_105\circle\49_erase_the_circle_0805-183402.png,circle,443.5,125.0,143,138,354,38,C:\jmbaek\ugrp\candidate_assets\records_105\circle\circle_crop_1_105_manifest.csv
C:\jmbaek\ugrp\candidate_assets\records_105\circle\50_erase_the_circle_0805-183515.png,circle,305.5,475.0,135,140,220,387,C:\jmbaek\ugrp\candidate_assets\records_105\circle\circle_crop_1_105_manifest.csv
C:\jmbaek\ugrp\candidate_assets\records_105\circle\51_erase_the_circle_0805-183623.png,circle,307.5,117.5,139,141,220,29,C:\jmbaek\ugrp\candidate_assets\records_105\circle\circle_crop_1_105_manifest.csv
C:\jmbaek\ugrp\candidate_assets\records_105\circle\52_erase_the_circle_0805-183739.png,circle,567.5,477.0,143,146,478,386,C:\jmbaek\ugrp\candidate_assets\records_105\circle\circle_crop_1_105_manifest.csv
C:\jmbaek\ugrp\candidate_assets\records_105\circle\53_erase_the_circle_0805-184029.png,circle,521.0,110.0,138,142,434,21,C:\jmbaek\ugrp\candidate_assets\records_105\circle\circle_crop_1_105_manifest.csv
C:\jmbaek\ugrp\candidate_assets\records_105\circle\54_erase_the_circle_0805-184141.png,circle,445.5,468.0,127,130,364,385,C:\jmbaek\ugrp\candidate_assets\records_105\circle\circle_crop_1_105_manifest.csv
C:\jmbaek\ugrp\candidate_assets\records_105\circle\55_erase_the_circle_0805-184247.png,circle,406.5,146.5,149,155,314,51,C:\jmbaek\ugrp\candidate_assets\records_105\circle\circle_crop_1_105_manifest.csv
C:\jmbaek\ugrp\candidate_assets\records_105\circle\56_erase_the_circle_0805-184359.png,circle,313.0,489.0,140,144,225,399,C:\jmbaek\ugrp\candidate_assets\records_105\circle\circle_crop_1_105_manifest.csv
C:\jmbaek\ugrp\candidate_assets\records_105\circle\57_erase_the_circle_0805-184700.png,circle,320.0,139.5,150,151,227,46,C:\jmbaek\ugrp\candidate_assets\records_105\circle\circle_crop_1_105_manifest.csv
C:\jmbaek\ugrp\candidate_assets\records_105\circle\58_erase_the_circle_0805-184814.png,circle,550.0,518.5,132,143,466,429,C:\jmbaek\ugrp\candidate_assets\records_105\circle\circle_crop_1_105_manifest.csv
C:\jmbaek\ugrp\candidate_assets\records_105\circle\59_erase_the_circle_0805-184920.png,circle,509.5,128.0,139,136,422,42,C:\jmbaek\ugrp\candidate_assets\records_105\circle\circle_crop_1_105_manifest.csv
C:\jmbaek\ugrp\candidate_assets\records_105\circle\60_erase_the_circle_0805-185025.png,circle,437.5,544.5,153,159,343,447,C:\jmbaek\ugrp\candidate_assets\records_105\circle\circle_crop_1_105_manifest.csv
C:\jmbaek\ugrp\candidate_assets\records_105\circle\61_erase_the_circle_0805-185133.png,circle,412.5,80.5,151,153,319,0,C:\jmbaek\ugrp\candidate_assets\records_105\circle\circle_crop_1_105_manifest.csv
C:\jmbaek\ugrp\candidate_assets\records_105\circle\62_erase_the_circle_0805-185457.png,circle,323.0,114.0,154,154,228,19,C:\jmbaek\ugrp\candidate_assets\records_105\circle\circle_crop_1_105_manifest.csv
C:\jmbaek\ugrp\candidate_assets\records_105\circle\63_erase_the_circle_0811-210132.png,circle,592.5,473.5,125,127,512,392,C:\jmbaek\ugrp\candidate_assets\records_105\circle\circle_crop_1_105_manifest.csv
C:\jmbaek\ugrp\candidate_assets\records_105\circle\64_erase_the_circle_0811-210236.png,circle,590.5,114.5,119,115,513,39,C:\jmbaek\ugrp\candidate_assets\records_105\circle\circle_crop_1_105_manifest.csv
C:\jmbaek\ugrp\candidate_assets\records_105\circle\65_erase_the_circle_0811-210340.png,circle,343.5,122.5,115,107,268,51,C:\jmbaek\ugrp\candidate_assets\records_105\circle\circle_crop_1_105_manifest.csv
C:\jmbaek\ugrp\candidate_assets\records_105\circle\66_erase_the_circle_0811-210449.png,circle,376.0,492.0,108,114,304,417,C:\jmbaek\ugrp\candidate_assets\records_105\circle\circle_crop_1_105_manifest.csv
C:\jmbaek\ugrp\candidate_assets\records_105\circle\67_erase_the_circle_0811-210646.png,circle,588.0,457.0,120,124,510,377,C:\jmbaek\ugrp\candidate_assets\records_105\circle\circle_crop_1_105_manifest.csv
C:\jmbaek\ugrp\candidate_assets\records_105\circle\68_erase_the_circle_0811-210755.png,circle,561.0,149.5,102,95,492,84,C:\jmbaek\ugrp\candidate_assets\records_105\circle\circle_crop_1_105_manifest.csv
C:\jmbaek\ugrp\candidate_assets\records_105\circle\69_erase_the_circle_0811-210901.png,circle,341.5,131.5,103,111,272,58,C:\jmbaek\ugrp\candidate_assets\records_105\circle\circle_crop_1_105_manifest.csv
C:\jmbaek\ugrp\candidate_assets\records_105\circle\70_erase_the_circle_0811-211009.png,circle,381.5,509.0,123,110,302,436,C:\jmbaek\ugrp\candidate_assets\records_105\circle\circle_crop_1_105_manifest.csv
C:\jmbaek\ugrp\candidate_assets\records_105\circle\71_erase_the_circle_0811-211403.png,circle,335.5,107.5,107,109,264,35,C:\jmbaek\ugrp\candidate_assets\records_105\circle\circle_crop_1_105_manifest.csv
C:\jmbaek\ugrp\candidate_assets\records_105\circle\72_erase_the_circle_0811-211510.png,circle,354.0,579.0,106,100,283,511,C:\jmbaek\ugrp\candidate_assets\records_105\circle\circle_crop_1_105_manifest.csv
C:\jmbaek\ugrp\candidate_assets\records_105\circle\73_erase_the_circle_0811-211620.png,circle,580.5,564.0,119,122,503,485,C:\jmbaek\ugrp\candidate_assets\records_105\circle\circle_crop_1_105_manifest.csv
C:\jmbaek\ugrp\candidate_assets\records_105\circle\74_erase_the_circle_0811-211826.png,circle,581.0,87.0,128,130,499,4,C:\jmbaek\ugrp\candidate_assets\records_105\circle\circle_crop_1_105_manifest.csv
C:\jmbaek\ugrp\candidate_assets\records_105\circle\75_erase_the_circle_0811-211952.png,circle,335.5,104.0,111,114,262,29,C:\jmbaek\ugrp\candidate_assets\records_105\circle\circle_crop_1_105_manifest.csv
C:\jmbaek\ugrp\candidate_assets\records_105\circle\76_erase_the_circle_0811-212055.png,circle,349.0,572.0,120,116,271,496,C:\jmbaek\ugrp\candidate_assets\records_105\circle\circle_crop_1_105_manifest.csv
C:\jmbaek\ugrp\candidate_assets\records_105\circle\77_erase_the_circle_0811-212311.png,circle,560.0,569.0,130,132,477,485,C:\jmbaek\ugrp\candidate_assets\records_105\circle\circle_crop_1_105_manifest.csv
C:\jmbaek\ugrp\candidate_assets\records_105\circle\78_erase_the_circle_0811-212601.png,circle,561.5,100.5,103,113,492,26,C:\jmbaek\ugrp\candidate_assets\records_105\circle\circle_crop_1_105_manifest.csv
C:\jmbaek\ugrp\candidate_assets\records_105\circle\79_erase_the_circle_0812-131127.png,circle,443.5,107.5,117,101,367,39,C:\jmbaek\ugrp\candidate_assets\records_105\circle\circle_crop_1_105_manifest.csv
C:\jmbaek\ugrp\candidate_assets\records_105\circle\80_erase_the_circle_0812-131648.png,circle,404.0,491.5,116,105,328,421,C:\jmbaek\ugrp\candidate_assets\records_105\circle\circle_crop_1_105_manifest.csv
C:\jmbaek\ugrp\candidate_assets\records_105\circle\81_erase_the_circle_0812-131859.png,circle,406.5,509.0,143,138,317,422,C:\jmbaek\ugrp\candidate_assets\records_105\circle\circle_crop_1_105_manifest.csv
C:\jmbaek\ugrp\candidate_assets\records_105\circle\82_erase_the_circle_0812-132039.png,circle,393.5,513.5,115,111,318,440,C:\jmbaek\ugrp\candidate_assets\records_105\circle\circle_crop_1_105_manifest.csv
C:\jmbaek\ugrp\candidate_assets\records_105\circle\83_erase_the_circle_0812-132142.png,circle,402.5,512.0,111,108,329,440,C:\jmbaek\ugrp\candidate_assets\records_105\circle\circle_crop_1_105_manifest.csv
C:\jmbaek\ugrp\candidate_assets\records_105\circle\84_erase_the_circle_0812-132245.png,circle,401.5,515.0,119,114,324,440,C:\jmbaek\ugrp\candidate_assets\records_105\circle\circle_crop_1_105_manifest.csv
C:\jmbaek\ugrp\candidate_assets\records_105\circle\85_erase_the_circle_0812-132453.png,circle,594.0,448.0,134,130,509,365,C:\jmbaek\ugrp\candidate_assets\records_105\circle\circle_crop_1_105_manifest.csv
C:\jmbaek\ugrp\candidate_assets\records_105\circle\86_erase_the_circle_0812-132727.png,circle,575.5,445.0,127,108,494,373,C:\jmbaek\ugrp\candidate_assets\records_105\circle\circle_crop_1_105_manifest.csv
C:\jmbaek\ugrp\candidate_assets\records_105\circle\87_erase_the_circle_0812-132832.png,circle,582.0,447.0,124,120,502,369,C:\jmbaek\ugrp\candidate_assets\records_105\circle\circle_crop_1_105_manifest.csv
C:\jmbaek\ugrp\candidate_assets\records_105\circle\88_erase_the_circle_0812-132935.png,circle,583.0,443.5,116,113,507,369,C:\jmbaek\ugrp\candidate_assets\records_105\circle\circle_crop_1_105_manifest.csv
C:\jmbaek\ugrp\candidate_assets\records_105\circle\89_erase_the_circle_0812-133036.png,circle,585.5,445.5,119,121,508,367,C:\jmbaek\ugrp\candidate_assets\records_105\circle\circle_crop_1_105_manifest.csv
C:\jmbaek\ugrp\candidate_assets\records_105\circle\90_erase_the_circle_0812-133146.png,circle,410.5,104.0,143,144,321,14,C:\jmbaek\ugrp\candidate_assets\records_105\circle\circle_crop_1_105_manifest.csv
C:\jmbaek\ugrp\candidate_assets\records_105\circle\91_erase_the_circle_0812-133256.png,circle,414.0,113.5,136,127,328,32,C:\jmbaek\ugrp\candidate_assets\records_105\circle\circle_crop_1_105_manifest.csv
C:\jmbaek\ugrp\candidate_assets\records_105\circle\92_erase_the_circle_0812-133357.png,circle,414.0,108.0,128,122,332,29,C:\jmbaek\ugrp\candidate_assets\records_105\circle\circle_crop_1_105_manifest.csv
C:\jmbaek\ugrp\candidate_assets\records_105\circle\93_erase_the_circle_0812-133507.png,circle,410.5,108.5,133,131,326,25,C:\jmbaek\ugrp\candidate_assets\records_105\circle\circle_crop_1_105_manifest.csv
C:\jmbaek\ugrp\candidate_assets\records_105\circle\94_erase_the_circle_0812-133610.png,circle,574.5,142.0,135,142,489,53,C:\jmbaek\ugrp\candidate_assets\records_105\circle\circle_crop_1_105_manifest.csv
C:\jmbaek\ugrp\candidate_assets\records_105\circle\95_erase_the_circle_0812-133842.png,circle,582.0,148.0,124,124,502,68,C:\jmbaek\ugrp\candidate_assets\records_105\circle\circle_crop_1_105_manifest.csv
C:\jmbaek\ugrp\candidate_assets\records_105\circle\96_erase_the_circle_0812-133948.png,circle,582.0,150.5,120,115,504,75,C:\jmbaek\ugrp\candidate_assets\records_105\circle\circle_crop_1_105_manifest.csv
C:\jmbaek\ugrp\candidate_assets\records_105\circle\97_erase_the_circle_0812-134055.png,circle,577.5,149.0,125,120,497,71,C:\jmbaek\ugrp\candidate_assets\records_105\circle\circle_crop_1_105_manifest.csv
C:\jmbaek\ugrp\candidate_assets\records_105\circle\98_erase_the_circle_0812-134159.png,circle,582.0,146.5,126,113,501,72,C:\jmbaek\ugrp\candidate_assets\records_105\circle\circle_crop_1_105_manifest.csv
C:\jmbaek\ugrp\candidate_assets\records_105\circle\99_erase_the_circle_0813-121528.png,circle,412.0,494.0,120,114,334,419,C:\jmbaek\ugrp\candidate_assets\records_105\circle\circle_crop_1_105_manifest.csv
C:\jmbaek\ugrp\candidate_assets\records_105\rectangle\1.png,rectangle,437.5,460.0,125,148,357,368,C:\jmbaek\ugrp\candidate_assets\records_105\rectangle\manifest.csv
C:\jmbaek\ugrp\candidate_assets\records_105\rectangle\10.png,rectangle,427.0,133.0,108,124,355,53,C:\jmbaek\ugrp\candidate_assets\records_105\rectangle\manifest.csv
C:\jmbaek\ugrp\candidate_assets\records_105\rectangle\100.png,rectangle,443.5,467.0,99,108,376,395,C:\jmbaek\ugrp\candidate_assets\records_105\rectangle\manifest.csv
C:\jmbaek\ugrp\candidate_assets\records_105\rectangle\101.png,rectangle,321.5,170.0,93,84,257,110,C:\jmbaek\ugrp\candidate_assets\records_105\rectangle\manifest.csv
C:\jmbaek\ugrp\candidate_assets\records_105\rectangle\102.png,rectangle,329.5,476.0,99,98,262,409,C:\jmbaek\ugrp\candidate_assets\records_105\rectangle\manifest.csv
C:\jmbaek\ugrp\candidate_assets\records_105\rectangle\103.png,rectangle,330.5,454.5,105,113,260,380,C:\jmbaek\ugrp\candidate_assets\records_105\rectangle\manifest.csv
C:\jmbaek\ugrp\candidate_assets\records_105\rectangle\104.png,rectangle,313.0,158.0,110,114,240,83,C:\jmbaek\ugrp\candidate_assets\records_105\rectangle\manifest.csv
C:\jmbaek\ugrp\candidate_assets\records_105\rectangle\105.png,rectangle,443.5,454.5,115,119,368,377,C:\jmbaek\ugrp\candidate_assets\records_105\rectangle\manifest.csv
C:\jmbaek\ugrp\candidate_assets\records_105\rectangle\11.png,rectangle,540.5,446.0,119,112,463,372,C:\jmbaek\ugrp\candidate_assets\records_105\rectangle\manifest.csv
C:\jmbaek\ugrp\candidate_assets\records_105\rectangle\12.png,rectangle,451.5,467.5,133,125,367,387,C:\jmbaek\ugrp\candidate_assets\records_105\rectangle\manifest.csv
C:\jmbaek\ugrp\candidate_assets\records_105\rectangle\13.png,rectangle,552.5,458.5,139,129,465,376,C:\jmbaek\ugrp\candidate_assets\records_105\rectangle\manifest.csv
C:\jmbaek\ugrp\candidate_assets\records_105\rectangle\14.png,rectangle,546.0,455.5,128,123,464,376,C:\jmbaek\ugrp\candidate_assets\records_105\rectangle\manifest.csv
C:\jmbaek\ugrp\candidate_assets\records_105\rectangle\15.png,rectangle,430.5,139.0,141,142,342,50,C:\jmbaek\ugrp\candidate_assets\records_105\rectangle\manifest.csv
C:\jmbaek\ugrp\candidate_assets\records_105\rectangle\16.png,rectangle,582.0,431.5,140,145,494,341,C:\jmbaek\ugrp\candidate_assets\records_105\rectangle\manifest.csv
C:\jmbaek\ugrp\candidate_assets\records_105\rectangle\17.png,rectangle,553.0,111.5,146,149,462,19,C:\jmbaek\ugrp\candidate_assets\records_105\rectangle\manifest.csv
C:\jmbaek\ugrp\candidate_assets\records_105\rectangle\18.png,rectangle,559.0,119.5,108,89,487,57,C:\jmbaek\ugrp\candidate_assets\records_105\rectangle\manifest.csv
C:\jmbaek\ugrp\candidate_assets\records_105\rectangle\19.png,rectangle,552.0,118.5,118,105,475,48,C:\jmbaek\ugrp\candidate_assets\records_105\rectangle\manifest.csv
C:\jmbaek\ugrp\candidate_assets\records_105\rectangle\2.png,rectangle,433.0,468.5,136,141,347,380,C:\jmbaek\ugrp\candidate_assets\records_105\rectangle\manifest.csv
C:\jmbaek\ugrp\candidate_assets\records_105\rectangle\20.png,rectangle,549.0,115.0,112,110,475,42,C:\jmbaek\ugrp\candidate_assets\records_105\rectangle\manifest.csv
C:\jmbaek\ugrp\candidate_assets\records_105\rectangle\21.png,rectangle,549.0,114.5,128,125,467,34,C:\jmbaek\ugrp\candidate_assets\records_105\rectangle\manifest.csv
C:\jmbaek\ugrp\candidate_assets\records_105\rectangle\22.png,rectangle,402.0,117.0,120,116,324,41,C:\jmbaek\ugrp\candidate_assets\records_105\rectangle\manifest.csv
C:\jmbaek\ugrp\candidate_assets\records_105\rectangle\23.png,rectangle,400.0,117.5,128,105,318,47,C:\jmbaek\ugrp\candidate_assets\records_105\rectangle\manifest.csv
C:\jmbaek\ugrp\candidate_assets\records_105\rectangle\24.png,rectangle,417.5,108.0,139,124,330,28,C:\jmbaek\ugrp\candidate_assets\records_105\rectangle\manifest.csv
C:\jmbaek\ugrp\candidate_assets\records_105\rectangle\25.png,rectangle,419.5,108.0,133,120,335,30,C:\jmbaek\ugrp\candidate_assets\records_105\rectangle\manifest.csv
C:\jmbaek\ugrp\candidate_assets\records_105\rectangle\26.png,rectangle,410.0,98.5,132,127,326,17,C:\jmbaek\ugrp\candidate_assets\records_105\rectangle\manifest.csv
C:\jmbaek\ugrp\candidate_assets\records_105\rectangle\27.png,rectangle,435.5,108.5,117,115,359,33,C:\jmbaek\ugrp\candidate_assets\records_105\rectangle\manifest.csv
C:\jmbaek\ugrp\candidate_assets\records_105\rectangle\28.png,rectangle,439.5,476.0,115,114,364,401,C:\jmbaek\ugrp\candidate_assets\records_105\rectangle\manifest.csv
C:\jmbaek\ugrp\candidate_assets\records_105\rectangle\29.png,rectangle,316.5,139.5,109,113,244,65,C:\jmbaek\ugrp\candidate_assets\records_105\rectangle\manifest.csv
C:\jmbaek\ugrp\candidate_assets\records_105\rectangle\3.png,rectangle,435.0,468.5,134,141,350,380,C:\jmbaek\ugrp\candidate_assets\records_105\rectangle\manifest.csv
C:\jmbaek\ugrp\candidate_assets\records_105\rectangle\30.png,rectangle,319.5,467.0,121,118,241,390,C:\jmbaek\ugrp\candidate_assets\records_105\rectangle\manifest.csv
C:\jmbaek\ugrp\candidate_assets\records_105\rectangle\31.png,rectangle,583.0,129.5,116,127,507,48,C:\jmbaek\ugrp\candidate_assets\records_105\rectangle\manifest.csv
C:\jmbaek\ugrp\candidate_assets\records_105\rectangle\32.png,rectangle,563.5,478.5,119,121,486,400,C:\jmbaek\ugrp\candidate_assets\records_105\rectangle\manifest.csv
C:\jmbaek\ugrp\candidate_assets\records_105\rectangle\33.png,rectangle,425.0,91.5,120,127,347,10,C:\jmbaek\ugrp\candidate_assets\records_105\rectangle\manifest.csv
C:\jmbaek\ugrp\candidate_assets\records_105\rectangle\34.png,rectangle,313.0,475.0,116,116,237,399,C:\jmbaek\ugrp\candidate_assets\records_105\rectangle\manifest.csv
C:\jmbaek\ugrp\candidate_assets\records_105\rectangle\35.png,rectangle,301.0,144.5,118,127,224,63,C:\jmbaek\ugrp\candidate_assets\records_105\rectangle\manifest.csv
C:\jmbaek\ugrp\candidate_assets\records_105\rectangle\36.png,rectangle,501.0,123.5,94,109,436,51,C:\jmbaek\ugrp\candidate_assets\records_105\rectangle\manifest.csv
C:\jmbaek\ugrp\candidate_assets\records_105\rectangle\37.png,rectangle,444.5,518.5,111,101,371,450,C:\jmbaek\ugrp\candidate_assets\records_105\rectangle\manifest.csv
C:\jmbaek\ugrp\candidate_assets\records_105\rectangle\38.png,rectangle,422.5,103.5,115,115,347,28,C:\jmbaek\ugrp\candidate_assets\records_105\rectangle\manifest.csv
C:\jmbaek\ugrp\candidate_assets\records_105\rectangle\39.png,rectangle,350.0,121.5,116,121,274,43,C:\jmbaek\ugrp\candidate_assets\records_105\rectangle\manifest.csv
C:\jmbaek\ugrp\candidate_assets\records_105\rectangle\4.png,rectangle,438.5,469.0,151,138,345,382,C:\jmbaek\ugrp\candidate_assets\records_105\rectangle\manifest.csv
C:\jmbaek\ugrp\candidate_assets\records_105\rectangle\40.png,rectangle,310.0,463.0,110,132,237,379,C:\jmbaek\ugrp\candidate_assets\records_105\rectangle\manifest.csv
C:\jmbaek\ugrp\candidate_assets\records_105\rectangle\41.png,rectangle,296.5,117.5,127,137,215,31,C:\jmbaek\ugrp\candidate_assets\records_105\rectangle\manifest.csv
C:\jmbaek\ugrp\candidate_assets\records_105\rectangle\42.png,rectangle,450.0,481.5,126,137,369,395,C:\jmbaek\ugrp\candidate_assets\records_105\rectangle\manifest.csv
C:\jmbaek\ugrp\candidate_assets\records_105\rectangle\43.png,rectangle,437.0,145.5,112,109,363,73,C:\jmbaek\ugrp\candidate_assets\records_105\rectangle\manifest.csv
C:\jmbaek\ugrp\candidate_assets\records_105\rectangle\44.png,rectangle,546.5,118.5,103,107,477,47,C:\jmbaek\ugrp\candidate_assets\records_105\rectangle\manifest.csv
C:\jmbaek\ugrp\candidate_assets\records_105\rectangle\45.png,rectangle,321.0,458.5,112,113,247,384,C:\jmbaek\ugrp\candidate_assets\records_105\rectangle\manifest.csv
C:\jmbaek\ugrp\candidate_assets\records_105\rectangle\46.png,rectangle,303.0,145.0,116,132,227,61,C:\jmbaek\ugrp\candidate_assets\records_105\rectangle\manifest.csv
C:\jmbaek\ugrp\candidate_assets\records_105\rectangle\47.png,rectangle,452.5,473.0,123,94,373,408,C:\jmbaek\ugrp\candidate_assets\records_105\rectangle\manifest.csv
C:\jmbaek\ugrp\candidate_assets\records_105\rectangle\48.png,rectangle,528.5,461.5,117,127,452,380,C:\jmbaek\ugrp\candidate_assets\records_105\rectangle\manifest.csv
C:\jmbaek\ugrp\candidate_assets\records_105\rectangle\49.png,rectangle,533.0,132.5,146,135,442,47,C:\jmbaek\ugrp\candidate_assets\records_105\rectangle\manifest.csv
C:\jmbaek\ugrp\candidate_assets\records_105\rectangle\5.png,rectangle,433.0,467.5,144,137,343,381,C:\jmbaek\ugrp\candidate_assets\records_105\rectangle\manifest.csv
C:\jmbaek\ugrp\candidate_assets\records_105\rectangle\50.png,rectangle,326.5,448.5,111,121,253,370,C:\jmbaek\ugrp\candidate_assets\records_105\rectangle\manifest.csv
C:\jmbaek\ugrp\candidate_assets\records_105\rectangle\51.png,rectangle,311.0,144.5,118,137,234,58,C:\jmbaek\ugrp\candidate_assets\records_105\rectangle\manifest.csv
C:\jmbaek\ugrp\candidate_assets\records_105\rectangle\52.png,rectangle,454.0,450.0,130,134,371,365,C:\jmbaek\ugrp\candidate_assets\records_105\rectangle\manifest.csv
C:\jmbaek\ugrp\candidate_assets\records_105\rectangle\53.png,rectangle,512.0,138.5,90,109,449,66,C:\jmbaek\ugrp\candidate_assets\records_105\rectangle\manifest.csv
C:\jmbaek\ugrp\candidate_assets\records_105\rectangle\54.png,rectangle,338.5,127.5,103,105,269,57,C:\jmbaek\ugrp\candidate_assets\records_105\rectangle\manifest.csv
C:\jmbaek\ugrp\candidate_assets\records_105\rectangle\55.png,rectangle,404.5,460.0,97,102,338,391,C:\jmbaek\ugrp\candidate_assets\records_105\rectangle\manifest.csv
C:\jmbaek\ugrp\candidate_assets\records_105\rectangle\56.png,rectangle,568.0,450.0,90,92,505,386,C:\jmbaek\ugrp\candidate_assets\records_105\rectangle\manifest.csv
C:\jmbaek\ugrp\candidate_assets\records_105\rectangle\57.png,rectangle,410.5,479.5,121,119,332,402,C:\jmbaek\ugrp\candidate_assets\records_105\rectangle\manifest.csv
C:\jmbaek\ugrp\candidate_assets\records_105\rectangle\58.png,rectangle,574.5,464.5,99,95,507,399,C:\jmbaek\ugrp\candidate_assets\records_105\rectangle\manifest.csv
C:\jmbaek\ugrp\candidate_assets\records_105\rectangle\59.png,rectangle,562.0,144.0,96,100,496,76,C:\jmbaek\ugrp\candidate_assets\records_105\rectangle\manifest.csv
C:\jmbaek\ugrp\candidate_assets\records_105\rectangle\6.png,rectangle,581.5,459.5,135,141,496,371,C:\jmbaek\ugrp\candidate_assets\records_105\rectangle\manifest.csv
C:\jmbaek\ugrp\candidate_assets\records_105\rectangle\60.png,rectangle,360.0,139.5,104,97,290,73,C:\jmbaek\ugrp\candidate_assets\records_105\rectangle\manifest.csv
C:\jmbaek\ugrp\candidate_assets\records_105\rectangle\61.png,rectangle,368.0,473.5,98,99,301,406,C:\jmbaek\ugrp\candidate_assets\records_105\rectangle\manifest.csv
C:\jmbaek\ugrp\candidate_assets\records_105\rectangle\62.png,rectangle,559.5,473.5,103,103,490,404,C:\jmbaek\ugrp\candidate_assets\records_105\rectangle\manifest.csv
C:\jmbaek\ugrp\candidate_assets\records_105\rectangle\63.png,rectangle,556.0,108.5,114,123,481,29,C:\jmbaek\ugrp\candidate_assets\records_105\rectangle\manifest.csv
C:\jmbaek\ugrp\candidate_assets\records_105\rectangle\64.png,rectangle,339.5,126.5,111,99,266,59,C:\jmbaek\ugrp\candidate_assets\records_105\rectangle\manifest.csv
C:\jmbaek\ugrp\candidate_assets\records_105\rectangle\65.png,rectangle,353.0,478.5,120,119,275,401,C:\jmbaek\ugrp\candidate_assets\records_105\rectangle\manifest.csv
C:\jmbaek\ugrp\candidate_assets\records_105\rectangle\66.png,rectangle,560.0,473.0,94,84,495,413,C:\jmbaek\ugrp\candidate_assets\records_105\rectangle\manifest.csv
C:\jmbaek\ugrp\candidate_assets\records_105\rectangle\67.png,rectangle,561.5,123.5,117,115,485,48,C:\jmbaek\ugrp\candidate_assets\records_105\rectangle\manifest.csv
C:\jmbaek\ugrp\candidate_assets\records_105\rectangle\68.png,rectangle,344.5,125.0,113,106,270,54,C:\jmbaek\ugrp\candidate_assets\records_105\rectangle\manifest.csv
C:\jmbaek\ugrp\candidate_assets\records_105\rectangle\69.png,rectangle,433.0,473.0,128,110,351,400,C:\jmbaek\ugrp\candidate_assets\records_105\rectangle\manifest.csv
C:\jmbaek\ugrp\candidate_assets\records_105\rectangle\7.png,rectangle,584.5,449.0,141,144,496,359,C:\jmbaek\ugrp\candidate_assets\records_105\rectangle\manifest.csv
C:\jmbaek\ugrp\candidate_assets\records_105\rectangle\70.png,rectangle,434.5,465.5,127,123,353,386,C:\jmbaek\ugrp\candidate_assets\records_105\rectangle\manifest.csv
C:\jmbaek\ugrp\candidate_assets\records_105\rectangle\71.png,rectangle,433.0,480.5,124,111,353,407,C:\jmbaek\ugrp\candidate_assets\records_105\rectangle\manifest.csv
C:\jmbaek\ugrp\candidate_assets\records_105\rectangle\72.png,rectangle,427.5,475.5,137,123,341,396,C:\jmbaek\ugrp\candidate_assets\records_105\rectangle\manifest.csv
C:\jmbaek\ugrp\candidate_assets\records_105\rectangle\73.png,rectangle,435.0,481.5,126,113,354,407,C:\jmbaek\ugrp\candidate_assets\records_105\rectangle\manifest.csv
C:\jmbaek\ugrp\candidate_assets\records_105\rectangle\74.png,rectangle,602.0,453.0,112,120,528,375,C:\jmbaek\ugrp\candidate_assets\records_105\rectangle\manifest.csv
C:\jmbaek\ugrp\candidate_assets\records_105\rectangle\75.png,rectangle,593.5,462.5,109,91,521,399,C:\jmbaek\ugrp\candidate_assets\records_105\rectangle\manifest.csv
C:\jmbaek\ugrp\candidate_assets\records_105\rectangle\76.png,rectangle,577.5,459.5,103,103,508,390,C:\jmbaek\ugrp\candidate_assets\records_105\rectangle\manifest.csv
C:\jmbaek\ugrp\candidate_assets\records_105\rectangle\77.png,rectangle,582.5,436.0,99,110,515,363,C:\jmbaek\ugrp\candidate_assets\records_105\rectangle\manifest.csv
C:\jmbaek\ugrp\candidate_assets\records_105\rectangle\78.png,rectangle,579.5,454.0,139,128,492,372,C:\jmbaek\ugrp\candidate_assets\records_105\rectangle\manifest.csv
C:\jmbaek\ugrp\candidate_assets\records_105\rectangle\79.png,rectangle,564.0,150.0,134,120,479,72,C:\jmbaek\ugrp\candidate_assets\records_105\rectangle\manifest.csv
C:\jmbaek\ugrp\candidate_assets\records_105\rectangle\8.png,rectangle,586.5,450.0,137,126,500,369,C:\jmbaek\ugrp\candidate_assets\records_105\rectangle\manifest.csv
C:\jmbaek\ugrp\candidate_assets\records_105\rectangle\80.png,rectangle,579.5,142.5,135,131,494,59,C:\jmbaek\ugrp\candidate_assets\records_105\rectangle\manifest.csv
C:\jmbaek\ugrp\candidate_assets\records_105\rectangle\81.png,rectangle,567.0,129.0,126,122,486,50,C:\jmbaek\ugrp\candidate_assets\records_105\rectangle\manifest.csv
C:\jmbaek\ugrp\candidate_assets\records_105\rectangle\82.png,rectangle,577.5,124.0,121,118,499,47,C:\jmbaek\ugrp\candidate_assets\records_105\rectangle\manifest.csv
C:\jmbaek\ugrp\candidate_assets\records_105\rectangle\83.png,rectangle,568.5,132.5,149,143,476,43,C:\jmbaek\ugrp\candidate_assets\records_105\rectangle\manifest.csv
C:\jmbaek\ugrp\candidate_assets\records_105\rectangle\84.png,rectangle,430.0,117.5,144,117,340,41,C:\jmbaek\ugrp\candidate_assets\records_105\rectangle\manifest.csv
C:\jmbaek\ugrp\candidate_assets\records_105\rectangle\85.png,rectangle,426.5,116.0,147,126,335,35,C:\jmbaek\ugrp\candidate_assets\records_105\rectangle\manifest.csv
C:\jmbaek\ugrp\candidate_assets\records_105\rectangle\86.png,rectangle,427.5,115.0,147,120,336,37,C:\jmbaek\ugrp\candidate_assets\records_105\rectangle\manifest.csv
C:\jmbaek\ugrp\candidate_assets\records_105\rectangle\87.png,rectangle,418.5,108.5,139,129,331,26,C:\jmbaek\ugrp\candidate_assets\records_105\rectangle\manifest.csv
C:\jmbaek\ugrp\candidate_assets\records_105\rectangle\88.png,rectangle,420.5,111.5,151,127,327,30,C:\jmbaek\ugrp\candidate_assets\records_105\rectangle\manifest.csv
C:\jmbaek\ugrp\candidate_assets\records_105\rectangle\89.png,rectangle,435.0,492.0,136,112,349,418,C:\jmbaek\ugrp\candidate_assets\records_105\rectangle\manifest.csv
C:\jmbaek\ugrp\candidate_assets\records_105\rectangle\9.png,rectangle,576.5,438.5,139,133,489,354,C:\jmbaek\ugrp\candidate_assets\records_105\rectangle\manifest.csv
C:\jmbaek\ugrp\candidate_assets\records_105\rectangle\90.png,rectangle,616.5,482.0,143,128,527,400,C:\jmbaek\ugrp\candidate_assets\records_105\rectangle\manifest.csv
C:\jmbaek\ugrp\candidate_assets\records_105\rectangle\91.png,rectangle,583.0,112.0,148,148,491,20,C:\jmbaek\ugrp\candidate_assets\records_105\rectangle\manifest.csv
C:\jmbaek\ugrp\candidate_assets\records_105\rectangle\92.png,rectangle,436.5,113.0,137,136,350,27,C:\jmbaek\ugrp\candidate_assets\records_105\rectangle\manifest.csv
C:\jmbaek\ugrp\candidate_assets\records_105\rectangle\93.png,rectangle,428.0,134.5,104,113,358,60,C:\jmbaek\ugrp\candidate_assets\records_105\rectangle\manifest.csv
C:\jmbaek\ugrp\candidate_assets\records_105\rectangle\94.png,rectangle,448.5,477.0,105,106,378,406,C:\jmbaek\ugrp\candidate_assets\records_105\rectangle\manifest.csv
C:\jmbaek\ugrp\candidate_assets\records_105\rectangle\95.png,rectangle,325.5,150.0,101,106,257,79,C:\jmbaek\ugrp\candidate_assets\records_105\rectangle\manifest.csv
C:\jmbaek\ugrp\candidate_assets\records_105\rectangle\96.png,rectangle,354.0,479.0,102,116,285,403,C:\jmbaek\ugrp\candidate_assets\records_105\rectangle\manifest.csv
C:\jmbaek\ugrp\candidate_assets\records_105\rectangle\97.png,rectangle,525.0,159.0,86,92,464,95,C:\jmbaek\ugrp\candidate_assets\records_105\rectangle\manifest.csv
C:\jmbaek\ugrp\candidate_assets\records_105\rectangle\98.png,rectangle,506.5,476.5,93,97,442,410,C:\jmbaek\ugrp\candidate_assets\records_105\rectangle\manifest.csv
C:\jmbaek\ugrp\candidate_assets\records_105\rectangle\99.png,rectangle,427.0,150.5,98,97,360,84,C:\jmbaek\ugrp\candidate_assets\records_105\rectangle\manifest.csv
C:\jmbaek\ugrp\candidate_assets\records_105\triangle\1.png,triangle,373.0,523.0,72,104,319,453,C:\jmbaek\ugrp\candidate_assets\records_105\triangle\manifest.csv
C:\jmbaek\ugrp\candidate_assets\records_105\triangle\10.png,triangle,411.5,511.5,123,133,332,427,C:\jmbaek\ugrp\candidate_assets\records_105\triangle\manifest.csv
C:\jmbaek\ugrp\candidate_assets\records_105\triangle\100.png,triangle,553.5,134.5,121,133,475,50,C:\jmbaek\ugrp\candidate_assets\records_105\triangle\manifest.csv
C:\jmbaek\ugrp\candidate_assets\records_105\triangle\101.png,triangle,409.5,115.0,139,170,322,12,C:\jmbaek\ugrp\candidate_assets\records_105\triangle\manifest.csv
C:\jmbaek\ugrp\candidate_assets\records_105\triangle\102.png,triangle,404.5,121.5,123,129,325,39,C:\jmbaek\ugrp\candidate_assets\records_105\triangle\manifest.csv
C:\jmbaek\ugrp\candidate_assets\records_105\triangle\103.png,triangle,413.0,113.0,116,124,337,33,C:\jmbaek\ugrp\candidate_assets\records_105\triangle\manifest.csv
C:\jmbaek\ugrp\candidate_assets\records_105\triangle\104.png,triangle,425.5,127.0,121,118,347,50,C:\jmbaek\ugrp\candidate_assets\records_105\triangle\manifest.csv
C:\jmbaek\ugrp\candidate_assets\records_105\triangle\105.png,triangle,431.0,127.0,128,128,349,45,C:\jmbaek\ugrp\candidate_assets\records_105\triangle\manifest.csv
C:\jmbaek\ugrp\candidate_assets\records_105\triangle\11.png,triangle,597.0,450.0,124,148,517,358,C:\jmbaek\ugrp\candidate_assets\records_105\triangle\manifest.csv
C:\jmbaek\ugrp\candidate_assets\records_105\triangle\12.png,triangle,593.5,143.0,135,162,508,44,C:\jmbaek\ugrp\candidate_assets\records_105\triangle\manifest.csv
C:\jmbaek\ugrp\candidate_assets\records_105\triangle\13.png,triangle,422.0,134.5,128,151,340,41,C:\jmbaek\ugrp\candidate_assets\records_105\triangle\manifest.csv
C:\jmbaek\ugrp\candidate_assets\records_105\triangle\14.png,triangle,550.5,486.5,97,115,484,411,C:\jmbaek\ugrp\candidate_assets\records_105\triangle\manifest.csv
C:\jmbaek\ugrp\candidate_assets\records_105\triangle\15.png,triangle,512.0,138.5,84,111,452,65,C:\jmbaek\ugrp\candidate_assets\records_105\triangle\manifest.csv
C:\jmbaek\ugrp\candidate_assets\records_105\triangle\16.png,triangle,585.0,487.5,126,121,504,409,C:\jmbaek\ugrp\candidate_assets\records_105\triangle\manifest.csv
C:\jmbaek\ugrp\candidate_assets\records_105\triangle\17.png,triangle,557.5,95.0,109,162,485,0,C:\jmbaek\ugrp\candidate_assets\records_105\triangle\manifest.csv
C:\jmbaek\ugrp\candidate_assets\records_105\triangle\18.png,triangle,561.5,83.0,89,124,499,3,C:\jmbaek\ugrp\candidate_assets\records_105\triangle\manifest.csv
C:\jmbaek\ugrp\candidate_assets\records_105\triangle\19.png,triangle,563.0,72.0,94,132,498,0,C:\jmbaek\ugrp\candidate_assets\records_105\triangle\manifest.csv
C:\jmbaek\ugrp\candidate_assets\records_105\triangle\2.png,triangle,370.5,523.5,95,119,305,446,C:\jmbaek\ugrp\candidate_assets\records_105\triangle\manifest.csv
C:\jmbaek\ugrp\candidate_assets\records_105\triangle\20.png,triangle,551.0,158.5,92,127,487,77,C:\jmbaek\ugrp\candidate_assets\records_105\triangle\manifest.csv
C:\jmbaek\ugrp\candidate_assets\records_105\triangle\21.png,triangle,542.5,160.5,99,125,475,80,C:\jmbaek\ugrp\candidate_assets\records_105\triangle\manifest.csv
C:\jmbaek\ugrp\candidate_assets\records_105\triangle\22.png,triangle,396.5,156.0,107,144,325,66,C:\jmbaek\ugrp\candidate_assets\records_105\triangle\manifest.csv
C:\jmbaek\ugrp\candidate_assets\records_105\triangle\23.png,triangle,424.0,129.0,116,144,348,39,C:\jmbaek\ugrp\candidate_assets\records_105\triangle\manifest.csv
C:\jmbaek\ugrp\candidate_assets\records_105\triangle\24.png,triangle,402.0,117.5,104,145,332,27,C:\jmbaek\ugrp\candidate_assets\records_105\triangle\manifest.csv
C:\jmbaek\ugrp\candidate_assets\records_105\triangle\25.png,triangle,406.5,129.5,105,129,336,47,C:\jmbaek\ugrp\candidate_assets\records_105\triangle\manifest.csv
C:\jmbaek\ugrp\candidate_assets\records_105\triangle\26.png,triangle,420.0,136.0,110,130,347,53,C:\jmbaek\ugrp\candidate_assets\records_105\triangle\manifest.csv
C:\jmbaek\ugrp\candidate_assets\records_105\triangle\27.png,triangle,439.0,472.5,92,113,375,398,C:\jmbaek\ugrp\candidate_assets\records_105\triangle\manifest.csv
C:\jmbaek\ugrp\candidate_assets\records_105\triangle\28.png,triangle,422.5,121.5,91,125,359,41,C:\jmbaek\ugrp\candidate_assets\records_105\triangle\manifest.csv
C:\jmbaek\ugrp\candidate_assets\records_105\triangle\29.png,triangle,334.5,460.5,87,107,273,389,C:\jmbaek\ugrp\candidate_assets\records_105\triangle\manifest.csv
C:\jmbaek\ugrp\candidate_assets\records_105\triangle\3.png,triangle,363.0,523.0,106,142,292,434,C:\jmbaek\ugrp\candidate_assets\records_105\triangle\manifest.csv
C:\jmbaek\ugrp\candidate_assets\records_105\triangle\30.png,triangle,313.0,136.5,100,113,245,62,C:\jmbaek\ugrp\candidate_assets\records_105\triangle\manifest.csv
C:\jmbaek\ugrp\candidate_assets\records_105\triangle\31.png,triangle,548.0,464.0,94,124,483,384,C:\jmbaek\ugrp\candidate_assets\records_105\triangle\manifest.csv
C:\jmbaek\ugrp\candidate_assets\records_105\triangle\32.png,triangle,510.0,132.5,90,105,447,62,C:\jmbaek\ugrp\candidate_assets\records_105\triangle\manifest.csv
C:\jmbaek\ugrp\candidate_assets\records_105\triangle\33.png,triangle,448.0,498.5,108,115,376,423,C:\jmbaek\ugrp\candidate_assets\records_105\triangle\manifest.csv
C:\jmbaek\ugrp\candidate_assets\records_105\triangle\34.png,triangle,427.0,134.5,100,117,359,58,C:\jmbaek\ugrp\candidate_assets\records_105\triangle\manifest.csv
C:\jmbaek\ugrp\candidate_assets\records_105\triangle\35.png,triangle,320.5,472.5,105,129,250,390,C:\jmbaek\ugrp\candidate_assets\records_105\triangle\manifest.csv
C:\jmbaek\ugrp\candidate_assets\records_105\triangle\36.png,triangle,308.0,158.5,100,127,240,77,C:\jmbaek\ugrp\candidate_assets\records_105\triangle\manifest.csv
C:\jmbaek\ugrp\candidate_assets\records_105\triangle\37.png,triangle,534.5,476.5,93,121,470,398,C:\jmbaek\ugrp\candidate_assets\records_105\triangle\manifest.csv
C:\jmbaek\ugrp\candidate_assets\records_105\triangle\38.png,triangle,524.0,142.5,96,111,458,69,C:\jmbaek\ugrp\candidate_assets\records_105\triangle\manifest.csv
C:\jmbaek\ugrp\candidate_assets\records_105\triangle\39.png,triangle,429.5,468.0,103,118,360,391,C:\jmbaek\ugrp\candidate_assets\records_105\triangle\manifest.csv
C:\jmbaek\ugrp\candidate_assets\records_105\triangle\4.png,triangle,358.0,529.5,110,125,285,449,C:\jmbaek\ugrp\candidate_assets\records_105\triangle\manifest.csv
C:\jmbaek\ugrp\candidate_assets\records_105\triangle\40.png,triangle,402.5,135.0,85,114,342,60,C:\jmbaek\ugrp\candidate_assets\records_105\triangle\manifest.csv
C:\jmbaek\ugrp\candidate_assets\records_105\triangle\41.png,triangle,321.0,468.0,90,106,258,397,C:\jmbaek\ugrp\candidate_assets\records_105\triangle\manifest.csv
C:\jmbaek\ugrp\candidate_assets\records_105\triangle\42.png,triangle,302.5,155.5,97,117,236,79,C:\jmbaek\ugrp\candidate_assets\records_105\triangle\manifest.csv
C:\jmbaek\ugrp\candidate_assets\records_105\triangle\43.png,triangle,545.5,492.5,93,107,481,421,C:\jmbaek\ugrp\candidate_assets\records_105\triangle\manifest.csv
C:\jmbaek\ugrp\candidate_assets\records_105\triangle\44.png,triangle,418.5,449.5,95,109,353,377,C:\jmbaek\ugrp\candidate_assets\records_105\triangle\manifest.csv
C:\jmbaek\ugrp\candidate_assets\records_105\triangle\45.png,triangle,411.0,145.5,96,105,345,75,C:\jmbaek\ugrp\candidate_assets\records_105\triangle\manifest.csv
C:\jmbaek\ugrp\candidate_assets\records_105\triangle\46.png,triangle,335.0,470.0,102,106,266,399,C:\jmbaek\ugrp\candidate_assets\records_105\triangle\manifest.csv
C:\jmbaek\ugrp\candidate_assets\records_105\triangle\47.png,triangle,296.0,146.0,88,116,234,70,C:\jmbaek\ugrp\candidate_assets\records_105\triangle\manifest.csv
C:\jmbaek\ugrp\candidate_assets\records_105\triangle\48.png,triangle,539.5,462.5,81,101,481,394,C:\jmbaek\ugrp\candidate_assets\records_105\triangle\manifest.csv
C:\jmbaek\ugrp\candidate_assets\records_105\triangle\49.png,triangle,523.5,141.0,95,122,458,62,C:\jmbaek\ugrp\candidate_assets\records_105\triangle\manifest.csv
C:\jmbaek\ugrp\candidate_assets\records_105\triangle\5.png,triangle,374.0,539.5,108,129,302,457,C:\jmbaek\ugrp\candidate_assets\records_105\triangle\manifest.csv
C:\jmbaek\ugrp\candidate_assets\records_105\triangle\50.png,triangle,435.0,458.0,114,114,360,383,C:\jmbaek\ugrp\candidate_assets\records_105\triangle\manifest.csv
C:\jmbaek\ugrp\candidate_assets\records_105\triangle\51.png,triangle,429.5,88.0,105,122,359,9,C:\jmbaek\ugrp\candidate_assets\records_105\triangle\manifest.csv
C:\jmbaek\ugrp\candidate_assets\records_105\triangle\52.png,triangle,296.5,416.5,97,115,230,341,C:\jmbaek\ugrp\candidate_assets\records_105\triangle\manifest.csv
C:\jmbaek\ugrp\candidate_assets\records_105\triangle\53.png,triangle,288.0,216.5,104,115,218,141,C:\jmbaek\ugrp\candidate_assets\records_105\triangle\manifest.csv
C:\jmbaek\ugrp\candidate_assets\records_105\triangle\54.png,triangle,556.5,456.5,105,129,486,374,C:\jmbaek\ugrp\candidate_assets\records_105\triangle\manifest.csv
C:\jmbaek\ugrp\candidate_assets\records_105\triangle\55.png,triangle,573.5,157.0,97,128,507,75,C:\jmbaek\ugrp\candidate_assets\records_105\triangle\manifest.csv
C:\jmbaek\ugrp\candidate_assets\records_105\triangle\56.png,triangle,356.5,486.0,137,152,270,392,C:\jmbaek\ugrp\candidate_assets\records_105\triangle\manifest.csv
C:\jmbaek\ugrp\candidate_assets\records_105\triangle\57.png,triangle,319.0,134.0,118,140,242,46,C:\jmbaek\ugrp\candidate_assets\records_105\triangle\manifest.csv
C:\jmbaek\ugrp\candidate_assets\records_105\triangle\58.png,triangle,447.5,462.5,121,127,369,381,C:\jmbaek\ugrp\candidate_assets\records_105\triangle\manifest.csv
C:\jmbaek\ugrp\candidate_assets\records_105\triangle\59.png,triangle,442.5,119.5,137,145,356,29,C:\jmbaek\ugrp\candidate_assets\records_105\triangle\manifest.csv
C:\jmbaek\ugrp\candidate_assets\records_105\triangle\6.png,triangle,583.5,499.5,103,141,514,411,C:\jmbaek\ugrp\candidate_assets\records_105\triangle\manifest.csv
C:\jmbaek\ugrp\candidate_assets\records_105\triangle\60.png,triangle,518.0,460.0,92,122,454,381,C:\jmbaek\ugrp\candidate_assets\records_105\triangle\manifest.csv
C:\jmbaek\ugrp\candidate_assets\records_105\triangle\61.png,triangle,506.5,130.0,101,124,438,50,C:\jmbaek\ugrp\candidate_assets\records_105\triangle\manifest.csv
C:\jmbaek\ugrp\candidate_assets\records_105\triangle\62.png,triangle,350.5,479.5,117,131,274,396,C:\jmbaek\ugrp\candidate_assets\records_105\triangle\manifest.csv
C:\jmbaek\ugrp\candidate_assets\records_105\triangle\63.png,triangle,316.0,156.0,116,144,240,66,C:\jmbaek\ugrp\candidate_assets\records_105\triangle\manifest.csv
C:\jmbaek\ugrp\candidate_assets\records_105\triangle\64.png,triangle,441.5,485.0,119,134,364,400,C:\jmbaek\ugrp\candidate_assets\records_105\triangle\manifest.csv
C:\jmbaek\ugrp\candidate_assets\records_105\triangle\65.png,triangle,424.5,101.5,127,145,343,11,C:\jmbaek\ugrp\candidate_assets\records_105\triangle\manifest.csv
C:\jmbaek\ugrp\candidate_assets\records_105\triangle\66.png,triangle,531.5,102.0,135,174,446,0,C:\jmbaek\ugrp\candidate_assets\records_105\triangle\manifest.csv
C:\jmbaek\ugrp\candidate_assets\records_105\triangle\67.png,triangle,320.0,491.0,126,138,239,404,C:\jmbaek\ugrp\candidate_assets\records_105\triangle\manifest.csv
C:\jmbaek\ugrp\candidate_assets\records_105\triangle\68.png,triangle,315.5,134.5,139,155,228,39,C:\jmbaek\ugrp\candidate_assets\records_105\triangle\manifest.csv
C:\jmbaek\ugrp\candidate_assets\records_105\triangle\69.png,triangle,448.5,477.0,137,146,362,386,C:\jmbaek\ugrp\candidate_assets\records_105\triangle\manifest.csv
C:\jmbaek\ugrp\candidate_assets\records_105\triangle\7.png,triangle,566.5,488.5,95,131,501,405,C:\jmbaek\ugrp\candidate_assets\records_105\triangle\manifest.csv
C:\jmbaek\ugrp\candidate_assets\records_105\triangle\70.png,triangle,320.5,124.0,99,138,253,37,C:\jmbaek\ugrp\candidate_assets\records_105\triangle\manifest.csv
C:\jmbaek\ugrp\candidate_assets\records_105\triangle\71.png,triangle,336.5,510.0,99,126,269,429,C:\jmbaek\ugrp\candidate_assets\records_105\triangle\manifest.csv
C:\jmbaek\ugrp\candidate_assets\records_105\triangle\72.png,triangle,601.5,562.0,111,146,528,471,C:\jmbaek\ugrp\candidate_assets\records_105\triangle\manifest.csv
C:\jmbaek\ugrp\candidate_assets\records_105\triangle\73.png,triangle,596.5,108.5,105,149,526,16,C:\jmbaek\ugrp\candidate_assets\records_105\triangle\manifest.csv
C:\jmbaek\ugrp\candidate_assets\records_105\triangle\74.png,triangle,331.5,87.0,105,144,261,0,C:\jmbaek\ugrp\candidate_assets\records_105\triangle\manifest.csv
C:\jmbaek\ugrp\candidate_assets\records_105\triangle\75.png,triangle,356.0,571.5,94,143,291,482,C:\jmbaek\ugrp\candidate_assets\records_105\triangle\manifest.csv
C:\jmbaek\ugrp\candidate_assets\records_105\triangle\76.png,triangle,605.0,566.5,114,155,530,471,C:\jmbaek\ugrp\candidate_assets\records_105\triangle\manifest.csv
C:\jmbaek\ugrp\candidate_assets\records_105\triangle\77.png,triangle,596.5,101.0,99,146,529,10,C:\jmbaek\ugrp\candidate_assets\records_105\triangle\manifest.csv
C:\jmbaek\ugrp\candidate_assets\records_105\triangle\78.png,triangle,344.5,76.5,117,153,268,0,C:\jmbaek\ugrp\candidate_assets\records_105\triangle\manifest.csv
C:\jmbaek\ugrp\candidate_assets\records_105\triangle\79.png,triangle,337.0,576.5,100,139,269,489,C:\jmbaek\ugrp\candidate_assets\records_105\triangle\manifest.csv
C:\jmbaek\ugrp\candidate_assets\records_105\triangle\8.png,triangle,585.0,521.5,98,111,518,448,C:\jmbaek\ugrp\candidate_assets\records_105\triangle\manifest.csv
C:\jmbaek\ugrp\candidate_assets\records_105\triangle\80.png,triangle,594.0,585.0,106,136,523,499,C:\jmbaek\ugrp\candidate_assets\records_105\triangle\manifest.csv
C:\jmbaek\ugrp\candidate_assets\records_105\triangle\81.png,triangle,557.0,81.5,112,155,483,0,C:\jmbaek\ugrp\candidate_assets\records_105\triangle\manifest.csv
C:\jmbaek\ugrp\candidate_assets\records_105\triangle\82.png,triangle,332.0,114.0,124,144,252,24,C:\jmbaek\ugrp\candidate_assets\records_105\triangle\manifest.csv
C:\jmbaek\ugrp\candidate_assets\records_105\triangle\83.png,triangle,350.5,564.5,121,163,272,465,C:\jmbaek\ugrp\candidate_assets\records_105\triangle\manifest.csv
C:\jmbaek\ugrp\candidate_assets\records_105\triangle\84.png,triangle,593.5,574.5,97,131,527,491,C:\jmbaek\ugrp\candidate_assets\records_105\triangle\manifest.csv
C:\jmbaek\ugrp\candidate_assets\records_105\triangle\85.png,triangle,549.0,102.5,138,169,462,0,C:\jmbaek\ugrp\candidate_assets\records_105\triangle\manifest.csv
C:\jmbaek\ugrp\candidate_assets\records_105\triangle\86.png,triangle,424.5,481.5,129,127,342,400,C:\jmbaek\ugrp\candidate_assets\records_105\triangle\manifest.csv
C:\jmbaek\ugrp\candidate_assets\records_105\triangle\87.png,triangle,426.5,473.0,109,120,354,395,C:\jmbaek\ugrp\candidate_assets\records_105\triangle\manifest.csv
C:\jmbaek\ugrp\candidate_assets\records_105\triangle\88.png,triangle,413.5,480.0,111,114,340,405,C:\jmbaek\ugrp\candidate_assets\records_105\triangle\manifest.csv
C:\jmbaek\ugrp\candidate_assets\records_105\triangle\89.png,triangle,420.0,471.5,106,121,349,393,C:\jmbaek\ugrp\candidate_assets\records_105\triangle\manifest.csv
C:\jmbaek\ugrp\candidate_assets\records_105\triangle\9.png,triangle,601.0,478.0,106,140,530,390,C:\jmbaek\ugrp\candidate_assets\records_105\triangle\manifest.csv
C:\jmbaek\ugrp\candidate_assets\records_105\triangle\90.png,triangle,423.0,482.0,118,124,346,402,C:\jmbaek\ugrp\candidate_assets\records_105\triangle\manifest.csv
C:\jmbaek\ugrp\candidate_assets\records_105\triangle\91.png,triangle,584.5,416.0,121,138,506,329,C:\jmbaek\ugrp\candidate_assets\records_105\triangle\manifest.csv
C:\jmbaek\ugrp\candidate_assets\records_105\triangle\92.png,triangle,570.5,414.5,113,109,496,342,C:\jmbaek\ugrp\candidate_assets\records_105\triangle\manifest.csv
C:\jmbaek\ugrp\candidate_assets\records_105\triangle\93.png,triangle,569.0,414.5,120,129,491,332,C:\jmbaek\ugrp\candidate_assets\records_105\triangle\manifest.csv
C:\jmbaek\ugrp\candidate_assets\records_105\triangle\94.png,triangle,571.5,428.5,121,137,493,342,C:\jmbaek\ugrp\candidate_assets\records_105\triangle\manifest.csv
C:\jmbaek\ugrp\candidate_assets\records_105\triangle\95.png,triangle,588.0,427.5,114,145,513,337,C:\jmbaek\ugrp\candidate_assets\records_105\triangle\manifest.csv
C:\jmbaek\ugrp\candidate_assets\records_105\triangle\96.png,triangle,577.5,147.0,131,154,494,52,C:\jmbaek\ugrp\candidate_assets\records_105\triangle\manifest.csv
C:\jmbaek\ugrp\candidate_assets\records_105\triangle\97.png,triangle,547.5,150.5,129,131,465,67,C:\jmbaek\ugrp\candidate_assets\records_105\triangle\manifest.csv
C:\jmbaek\ugrp\candidate_assets\records_105\triangle\98.png,triangle,543.0,154.0,122,128,464,72,C:\jmbaek\ugrp\candidate_assets\records_105\triangle\manifest.csv
C:\jmbaek\ugrp\candidate_assets\records_105\triangle\99.png,triangle,536.0,155.5,120,133,458,71,C:\jmbaek\ugrp\candidate_assets\records_105\triangle\manifest.csv
